Background_Files\forensictools_setup.7z.001,10986D9F0F027544F819B2911824CAA395C1CA093777BEB9585D8C21053E4975 001
Background_Files\forensictools_setup.7z.002,1BFA6C46CEEB227B30577137E95D90CEAF73FDAEB7805CA47BE6E4E521CCB873 002
Background_Files\forensictools_setup.7z.003,1062CBF17E249C59CAA4FF0A01E227FEC9266B78F28A6C86EBFF1D51F828C15E
Background_Files\forensictools_setup.7z.004,D930909787D43A92D4106508F1261F8152DE373550C425E2A94D2D3692AB4507 004
Background_Files\forensictools_setup.7z.005,77C829B36D99DE299DF567E2001EDF85081E593D91DE5EE240969DA49F2F149D 005
Background_Files\forensictools_setup.7z.006,28EC56D5FAF0EF23246277BF050AE5AF3A00B5B26FB1C0E44228EBFEEA55F99D 006
Background_Files\forensictools_setup.7z.007,5772BBFA85D5E31EC8D6D113BF06D12FE73ABF3BCEC58B6BF150D6E5B0A1F9D2 007
Background_Files\forensictools_setup.7z.008,21446C3A132F352A9225F6345DDDA6546643AB003A94797811C6698B7C1B3FFF 008
Background_Files\forensictools_setup.7z.009,389CF3D24E41CBA71BB8453379EA122DF3475232EF80FFC1B2E8AF72CF0BF1DE 009
Background_Files\forensictools_setup.7z.010,D20E3A76C66F24A6330446A149D8B4BD7F42BE01A839FF09715CD3B350F6B1EF 010
Background_Files\forensictools_setup.7z.011,31D297227CCE510813A0D9E67C4A309760E87A96241BC814778D7857E13D9E53 011
Background_Files\forensictools_setup.7z.012,7406A8500FD66560AE946EF565AFE774C6C6D338EE64BB90F33C96705048CB77 012
Background_Files\forensictools_setup.7z.013,85DE60B35E840412A9E3A71B59F1AEEFB4395F3350DF355E0DDF08218803ABAF 013
Background_Files\forensictools_setup.7z.014,FE281ADAC3ECC889D061E3537CCB838700146CAFF36A4AFFC0CDB71D9FCDE35D 014
Background_Files\forensictools_setup.7z.015,E0FCD2DC247579B13825479AB6E7E7A7B0A2739C46D13B7B6A17253C6031C5C0 015
Background_Files\forensictools_setup.7z.016,1873BD11BF6220B188954CCB034BBE38B7F782870D749E834087C264F7D6619E 016
Background_Files\forensictools_setup.7z.017,FAE11D68C07F3FC0480F3D2CDCF51390EB43953B9AD4D005106286626D2719A5 017
Background_Files\forensictools_setup.7z.018,9B39FB6F567D3538DD72E7F435777B20175E830375CCFA20B638D1DB291EAEF8 018
Background_Files\forensictools_setup.7z.019,2D37BB537B9BEC0252C2BCCBCF45BD448952E9393DA98BA1DA405938DD3F3D9B 019
Background_Files\forensictools_setup.7z.020,A833DB5A6E10D4B6C69C27BF2213112B1ED06074D272FD914A1E678FC6AA3415 020
Background_Files\forensictools_setup.7z.021,498DB8BEEB791C602AA881713FE022A7131DC0898F3030A210DFF81475F609AB 021
Background_Files\forensictools_setup.7z.022,1E3E7438A842D5FF08E8F9EBFE10A3AF1AFB67FE2528158E835C1E17B649BF89 022
Background_Files\forensictools_setup.7z.023,C8BC293B42AD36C04C021C218B9AF5B63982F33ED534140A9047F0FB2A81384B 023
Background_Files\forensictools_setup.7z.024,BBADAE2F5106AA6E9E4C8E3D80C15BD7C42E1B4E0B1687CF60FD48D04238F3A0 024
Background_Files\forensictools_setup.7z.025,BEF9E9C0DD62904B7F2312D4B8979DC4989D887040778C00357F5369056D857B 025
Background_Files\forensictools_setup.7z.026,659EE61621001438572FF37B6EEB992740DECD1D432AEC4B6770DEE134D237F3 026
Background_Files\forensictools_setup.7z.027,1392E1145D6C341B3071ABE393CB82CF8ED25267F77CD2445D96CBEAC22DDABA 027
Background_Files\forensictools_setup.7z.028,0D26AE5FF11DA56BC72B273E2AF15DB18694CE5AF6398C5F1CA0A3A6DD10A7F5 028
Background_Files\forensictools_setup.7z.029,B69FF16471C2D755F99AF3E8B1262D5C9570BAB4B1124EED4A3371FB00E2E144 029
Background_Files\forensictools_setup.7z.030,F2D77890B638934E386687D4C5C53ED5DF795BC9D3E0840B82EAA149688A731A 030
Background_Files\forensictools_setup.7z.031,E89A06AD946B7EFCA1B99608ECB2846750601C2193220360E6DCAC088F7C75A1 031
Background_Files\forensictools_setup.7z.032,290DF8C3B8403E8AC8CDC42537AD917BAEE362EEA9C684EC1AF97ADD14CE6306 032
Background_Files\forensictools_setup.7z.033,000C93399755BD54E3BBB3D392E63FCA6248FBEBA5BE6D3A6E1745598F282153 033
Background_Files\forensictools_setup.7z.034,16DB552D0B2D23A18E28AA97ED28C1CCCCD802A5FFF4B6B7D0C30FC07818F3D4 034
Background_Files\forensictools_setup.7z.035,77598A934028314A78E1B650355E45F27F10B53783BE1A3A7B903FE25D371DA8 035
Background_Files\forensictools_setup.7z.036,BE4A261085DAD7C6E84598257279754339F807643B779584BE461659C52BB5AB 036
Background_Files\forensictools_setup.7z.037,C26605FC565C9E7CE832650A7A713A613431CDDA0481140B8F0FE329B7A8221E 037
Background_Files\forensictools_setup.7z.038,3A991E43A7FEFA2E3A86252E6684C98AE3143B075DA3BA5FC5B32D0B303766B3 038
Background_Files\forensictools_setup.7z.039,E77B513D745A3068785FC0996E0DD9774B1B07B620D0E38034538F5E4086CA61 039
Background_Files\forensictools_setup.7z.040,E5DFEDBD78EED50B4905BEF19584C741FDFDA93755FC49E6BA57B1F75533845F 040
Background_Files\forensictools_setup.7z.041,3DA8FEF0A48DC36F04FE83F36C2FE441088A03A8FAEDC0847AA365A2E1837910 041
Background_Files\forensictools_setup.7z.042,139E1ECCB00A93C714408F480EB2377B4084FBAF1656A82564EAC5318DDE9E2D 042
Background_Files\forensictools_setup.7z.043,EF9C462F6B73FBECF1E0DA1C38742FCEBD7232679286BAF30FA47CCBE05FF2D9 043
Background_Files\forensictools_setup.7z.044,4D416FED54D42F175FE4F94B0AF856B9FD6076C273507B80C4EC2E845270CDE1 044
Background_Files\forensictools_setup.7z.045,D892739E293A59E5C3DC58C8DE31EFA336EEC2E060C68151C5BE27A243CC6594 045
Background_Files\forensictools_setup.7z.046,9CD60560C7B544FEF007DDAE7C67508CF6819C7A2AC394038D9C0487214AF8A2 046
Background_Files\forensictools_setup.7z.047,59497177C0AFD2040D79BB306D291D8E7721E1A12332670B328C68139B938BE5 047
Background_Files\forensictools_setup.7z.048,2DB0E1713A81391AC83800E735F6856B7843D4B3F1EB26E1D09B9F37CAFFB408 048
Background_Files\forensictools_setup.7z.049,698440DDDA3C85FE08728F11034C468947E72D7EAB84B1712C860CAFCDD0143E 049
Background_Files\forensictools_setup.7z.050,E2C4F435A0F03E1526B7EC1A875A6DCE99A477DD15C49FB47386BFF314527CDE 050
Background_Files\forensictools_setup.7z.051,6F98CE52B11D7E2D6E5F8063DC403B417DA6220E811D343118E50A9EC635596E 051
Background_Files\forensictools_setup.7z.052,7F319C7138AFE2A66A606EAC593BC3FFDAFA067C9C56E8065701B72D3273CE8E 052
Background_Files\forensictools_setup.7z.053,9FF1400783A28657067F639EA3FA4743C4AB371E126FB8F183ED3D7864279B7D 
Background_Files\forensictools_setup.7z.054,217B01B3F3CE28823AAF8429A1C762EAEA60A07280489BA2969C776928DC59C7 054
Background_Files\forensictools_setup.7z.055,42132BE4F3858C3964F15684C7D2DEF8CA00C0C2B8B4EBD6F1D086B56AC7964C 055
Background_Files\forensictools_setup.7z.056,7C2F6EF3056595D8E4FF0C5D39D6226C0D42547F8D5EF25A876064DEC2452B26 056
Background_Files\forensictools_setup.7z.057,03043F8FE92D046A3EB886F19D54693A787703634B850B153A4654BCDC9B80D4 057
Background_Files\forensictools_setup.7z.058,E012E8F59E0F1687BF3200A2FA97D9123F6DDDC8ED4484D47020F98F96740928 058
Background_Files\forensictools_setup.7z.059,77A8A24B2D81CC500D7882A22B07CDCC8E692A92CF7C6E106BDE42B60FDF5D1E 059
Background_Files\forensictools_setup.7z.060,5CA434AD036D9A0BBE8100EF4C0AA7F3AED0EC6CFE88EE52F46385AD1E6A4728 060
Background_Files\forensictools_setup.7z.061,1771BF30D123EF9BBCBFAF149722B8C6514DF8DBDC15BB6D26A487CC2227F04B 061
Background_Files\forensictools_setup.7z.062,C20F31566B8A9DCF23179B6F5F56923D869A17A6B10A83FA1A25F6DAFD7C2F84 062
Background_Files\forensictools_setup.7z.063,2E20BB5D118F443400DA914A255766E8EE7FB8C4FC435C04CC87AF23E0F10DB8 063
Background_Files\forensictools_setup.7z.064,630C45642CDFD435F01E35ACA32BB78B7E6F6085BAB888820C9F84CB1D12DCE1 064
Background_Files\forensictools_setup.7z.065,4996EEBCFDFF6DBF15B59EE6ABE65C90AC95E3B072409DAD10E344C4BABB275F 065
Background_Files\forensictools_setup.7z.066,BBDB9E70F0AF0C4317EBEA7D2DFD1E4E5F9270970634DAE5DF6D5792E3273790 066
Background_Files\forensictools_setup.7z.067,7C3AD1F3CAD902B6FE0C64C9E3CDF3D97B2753B350E4C29C4799D8FDDB8062B8 067
Background_Files\forensictools_setup.exe,919AB430F2A88718B925696ED76CD6790B80452CD1F8324DE22A757F74D21AF1 
Background_Files\USB.reg,08B1786FE90B523BF5131655D1E443A8F8CE6F60E9FB1AD936162C695B613C15 
NIKEV2.ps1,287E8A377EF7EFBC8D627BEEA43F54A570D76923964A2212A310235B513E6DFD 
